dataset,R0_Mpc,M_B,rms_mag,chi2_dof,success
pantheon,3006.032548035859,-18.499871547311503,0.1956808791913743,0.540578995653161,True
