dataset,R0_Mpc,M_B,rms_mag,chi2_dof,success
pantheon,10000.0,-17.0,10.88910199922142,2501.680495538405,True
