dataset,R0_Mpc,M_B,rms_mag,chi2_dof,success
csp,4644.656522304834,-18.556395430593362,1.167546332614574,8626.981310991216,True
pantheon,3006.032548035859,-18.499871547311503,0.1956808791913743,0.540578995653161,True
