{
  "quantum_analysis": {
    "R0_quantum_observed": 5e-10,
    "fundamental_scales": {
      "planck_length": 1.616e-35,
      "compton_electron": 3.863226122644357e-13,
      "compton_proton": 2.10341462947803e-16,
      "bohr_radius": 5.292e-11,
      "classical_electron_radius": 2.818e-15
    },
    "geometric_means": {
      "Planck-Bohr": 2.924358391168907e-23,
      "Compton_e-Bohr": 4.521525477207215e-12,
      "Compton_p-Bohr": 1.0550483505127968e-13,
      "Classical_e-Bohr": 3.8617167166947916e-13,
      "Compton_e-Classical_e": 3.299480446011432e-14
    },
    "volume_scales": {
      "Planck-Bohr-Compton_e": 6.91306181615952e-20,
      "Classical_e-Bohr-Compton_e": 3.86221978647306e-13,
      "Planck-Classical_e-Bohr": 1.3407075660195467e-20
    },
    "best_match": [
      "Compton_e-Bohr",
      4.521525477207215e-12
    ]
  },
  "galactic_analysis": {
    "R0_galactic_observed": 1.17268e+21,
    "mass_scales": {
      "M_sun": 1.989e+30,
      "M_galaxy": 1.9889999999999998e+42,
      "M_halo": 1.9889999999999999e+43
    },
    "length_scales": {
      "disk_scale_length": 9.258e+22,
      "virial_radius": 6.172e+24,
      "schwarzschild_sun": 1476.922573688218,
      "schwarzschild_galaxy": 1476922573688218.0,
      "schwarzschild_halo": 1.476922573688218e+16
    },
    "structural_factors": {
      "Galaxy_mass^0.5": [
        1.4769225736882178e+21,
        1.2594421101137716
      ]
    },
    "geometric_relationships": {
      "Disk-Virial": 7.559125346228887e+23,
      "Schwarzschild_gal-Disk": 1.1693309705641736e+19,
      "Schwarzschild_halo-Virial": 3.0191995834663993e+20
    }
  },
  "cosmic_analysis": {
    "R0_cosmic_observed": 9.258e+25,
    "cosmic_scales": {
      "hubble_radius": 1.3216897142857143e+26,
      "observable_universe_radius": 1.43499e+33,
      "universe_schwarzschild": 1.6915607652989475e+47,
      "critical_density": 9.202364455125102e-27,
      "observable_universe_mass": 1.1390286877996705e+74
    },
    "scale_tests": {
      "Hubble_radius": 1.3216897142857143e+26,
      "Observable_radius": 1.43499e+33,
      "Universe_Schwarzschild": 1.6915607652989475e+47,
      "Sqrt(Hubble*Observable)": 4.3550103594628306e+29,
      "Sqrt(Hubble*Schwarzschild)": 4.7283384656609454e+36,
      "CubeRoot(H*O*S)": 3.177522706886232e+35
    },
    "density_tests": {
      "(c^2/Grho)^(1/2)": [
        3.825505341575605e+26,
        4.132107735553689
      ]
    },
    "best_match": [
      "Hubble_radius",
      1.3216897142857143e+26
    ]
  },
  "cross_scale_analysis": {
    "scale_ratios": {
      "quantum_to_galactic": 2.3453599999999998e+30,
      "galactic_to_cosmic": 78947.36842105264,
      "quantum_to_cosmic": 1.8516e+35
    },
    "geometric_progression": {
      "expected_cosmic": 2.7503567647999997e+51,
      "progression_ratio": 2.9707893333333327e+25
    },
    "fundamental_constant_tests": {
      "alpha (fine structure)": 0.007297,
      "alpha^2": 5.3246208999999996e-05,
      "1/alpha": 137.04262025489928,
      "1/alpha^2": 18780.67976632853,
      "sqrtalpha": 0.08542247947700886,
      "1/sqrtalpha": 11.706520416199652
    },
    "mass_ratios": {
      "Galaxy/Quantum": 1.188882247459653e+69,
      "Universe/Galaxy": 75414781297.13425,
      "Universe/Quantum": 8.965929468021517e+79
    }
  },
  "theoretical_synthesis": {
    "quantum_mechanism": "geometric_mean_fundamental_lengths",
    "galactic_mechanism": "stellar_mass_structure_balance",
    "cosmic_mechanism": "universe_mass_volume_relationship",
    "scaling_law": "R0 ~ (GM/c^2) * structure_factor",
    "hierarchy_pattern": "related_to_mass_ratios"
  }
}