{
  "horizon_analysis": {
    "r_values_mpc": [
      0.3240440699935191,
      0.3910539989109937,
      0.4719210879783663,
      0.5695108959348012,
      0.6872815579780273,
      0.8294063262150139,
      1.0009214505759794,
      1.207904640413141,
      1.4576904306446703,
      1.759130084032359,
      2.1229052393374905,
      2.5619064196071513,
      3.091689813188582,
      3.7310285136955543,
      4.50257775234328,
      5.43367769543423,
      6.557322254456136,
      7.913328238978142,
      9.549746281762184,
      11.524563532803374,
      13.907758457967468,
      16.783780554864624,
      20.254542855716057,
      24.443033257791985,
      29.497672650405672,
      35.59757427049779,
      42.95889065424857,
      51.84247309157671,
      62.563114999457085,
      75.50070675681728,
      91.11369727719497,
      109.95533933555832,
      132.6932943091516,
      160.1332910344724,
      193.2476771417583,
      233.2098745953185,
      281.43596038605057,
      339.6348458051468,
      409.8688324223236,
      494.6266905946975,
      596.9118500734661,
      720.3488277790639,
      869.3116640569398,
      1049.07891860585,
      1266.0207184234025,
      1527.8244858902751,
      1843.7673457609467,
      2225.044863915433,
      2685.1677668654756,
      3240.4406999351913
    ],
    "mass_enhancement": [
      1.000000000108015,
      1.0000000001303513,
      1.000000000157307,
      1.000000000189837,
      1.0000000002290939,
      1.0000000002764688,
      1.0000000003336407,
      1.0000000004026348,
      1.0000000004858969,
      1.0000000005863767,
      1.000000000707635,
      1.000000000853969,
      1.0000000010305634,
      1.000000001243676,
      1.0000000015008592,
      1.000000001811226,
      1.000000002185774,
      1.0000000026377762,
      1.0000000031832488,
      1.0000000038415213,
      1.0000000046359194,
      1.0000000055945935,
      1.0000000067515142,
      1.0000000081476779,
      1.0000000098325574,
      1.000000011865858,
      1.0000000143196301,
      1.0000000172808243,
      1.0000000208543718,
      1.0000000251669021,
      1.0000000303712324,
      1.0000000366517798,
      1.0000000442310981,
      1.0000000533777638,
      1.0000000644158924,
      1.000000077736625,
      1.0000000938119868,
      1.0000001132116152,
      1.000000136622944,
      1.0000001648755634,
      1.0000001989706166,
      1.000000240116276,
      1.0000002897705547,
      1.000000349692973,
      1.000000422006906,
      1.0000005092748285,
      1.0000006145891152,
      1.0000007416816212,
      1.0000008950559223,
      1.0000010801469
    ],
    "horizon_distance_mpc": 3000000000000.0,
    "horizon_mass_enhancement": 1000.9999999999998
  },
  "stability_analysis": {
    "stability_mechanism": "symmetric_horizon_forces",
    "inner_mass_kg": 1.4769136292881902e+69,
    "outer_force_symmetry": "cancels_to_zero",
    "cosmic_fate": "stable_equilibrium"
  },
  "energy_analysis": {
    "energy_conservation": true,
    "temporal_field_energy_J": 1.4021986531470724e+75,
    "energy_components": [
      "matter",
      "gravitational",
      "temporal"
    ],
    "net_energy_change": 0
  },
  "fate_comparison": {
    "LCDM": {
      "expansion": "accelerating",
      "fate": "heat_death",
      "matter_density": "decreasing",
      "timeline": "infinite_expansion"
    },
    "UDT": {
      "expansion": "none",
      "fate": "stable_equilibrium",
      "matter_density": "constant",
      "timeline": "eternal_stability"
    }
  }
}