{
  "helium_orbitals": {
    "orbital_radii": {
      "1s": 0.5,
      "2s": 2.0,
      "2p": 1.8,
      "3s": 4.5,
      "3p": 4.2
    },
    "tau_values": {
      "1s": 0.9497397713026631,
      "2s": 0.8253004093490031,
      "2p": 0.8399747335600145,
      "3s": 0.6773782751239602,
      "3p": 0.6922676472868646
    },
    "udt_corrections": {
      "1s": -5.026022869733692,
      "2s": -17.469959065099694,
      "2p": -16.00252664399855,
      "3s": -32.262172487603976,
      "3p": -30.77323527131354
    }
  },
  "fine_structure": {
    "orbital_radius_a0": 1.8,
    "tau_2p": 0.8399747335600145,
    "udt_correction_MHz": -1237.567002145398,
    "predicted_sigma": 12375.67002145398,
    "observed_sigma": 4.0
  },
  "two_photon": {
    "experimental_deviation_MHz": 180,
    "udt_prediction_MHz": -351656536.15869844,
    "agreement_ratio": 1953647.4231038801,
    "orbital_corrections": {
      "ground_microeV": -497576.26410363556,
      "excited_microeV": -1729525.94744487,
      "virtual_microeV": -223135.8073766999
    }
  },
  "proton_radius": {
    "electron_orbit_angstrom": 0.5292,
    "muon_orbit_angstrom": 0.0025565217391304348,
    "tau_electron": 0.9042899515300586,
    "tau_muon": 0.9994889569507068,
    "udt_muon_radius_fm": 0.9698786968054591,
    "observed_muon_radius_fm": 0.842,
    "predicted_vs_observed_error_percent": 15.187493682358571
  }
}