R0_gal,V_scale,chi2,rms,success,v_predicted,name,n_points,r_max
100.0,72.44156222351346,20.50773166860966,2.2642731542710157,True,"[ 5.01490752  8.01793833  9.44653386 10.68229333 11.85156312 12.85236052
 13.77809202 15.10684296 16.64644785]",CamB,9,1.79
20.964295454830463,61.752776230809644,2.3185881724671615,3.9598055682159936,True,[22.4442893  31.29477771 37.94374703 43.4562162 ],D512-2,4,3.83
100.0,86.45396585693604,2.9151392907725757,1.1476542320389385,True,[10.66701033 15.04900992 18.38825712 21.18519474 23.67969035 25.87711214],D564-8,6,3.07
