{
  "udt_fit": {
    "R0_best": 13041.061933085639,
    "R0_err": 914.126470052592,
    "chi2": 1031339.6582600471,
    "dof": 29,
    "chi2_reduced": 35563.43649172576,
    "theta_A": 0.011044660934489045,
    "l_peaks": [
      284.44446345831903,
      568.8889269166381,
      853.3333903749572,
      1137.7778538332761,
      1422.2223172915953
    ],
    "l_damping": 1021000.0
  },
  "lcdm_comparison": {
    "lcdm_theta_s": 0.01042,
    "udt_theta_A": 0.011044660934489045,
    "theta_difference_percent": 5.994826626574321,
    "lcdm_l1": 220,
    "udt_l1": 284.44446345831903,
    "l1_difference_percent": 29.29293793559956
  },
  "data_info": {
    "tt_multipoles": 83,
    "te_multipoles": 66,
    "ee_multipoles": 66
  }
}