{
  "quantum_scale": 13190056.484050952,
  "geometric_coupling": 0.0020591869890231604,
  "interactions": {
    "Strong": {
      "tau": 0.01,
      "alpha": 20.52276965570062,
      "F": 21.52276965570062
    },
    "Electromagnetic": {
      "tau": 0.1,
      "alpha": 0.19856445965580471,
      "F": 1.1985644596558047
    },
    "Weak": {
      "tau": 0.9,
      "alpha": 0.0006355515398219769,
      "F": 1.000635551539822
    },
    "Gravitational": {
      "tau": 0.999,
      "alpha": 6.177579487509632e-06,
      "F": 1.0000061775794875
    }
  },
  "particle_masses": {
    "Electron": 1.7387522905480315e-37,
    "Muon": 2.6263925596039226e-36,
    "Proton": 1.7883067308278318e-35,
    "Neutron": 2.077544889421506e-35
  },
  "correlations": {
    "0": 1.1985644596558047,
    "0.39269908169872414": 1.1073291726714478,
    "0.7853981633974483": 0.8475130571118097,
    "1.5707963267948966": 7.339090645446292e-17,
    "3.141592653589793": -1.1985644596558047
  },
  "bell_parameter": 2.863316756682451,
  "magnetic_effects": {
    "Electron-like": 1.2724545081727262e-07,
    "Muon-like": 7.68819128720394e-07,
    "Proton-like": 1.04697556932404e-06
  },
  "conclusion": "All physics derived from pure UDT geometry"
}