{
  "experiments": {
    "Aspect_1982": {
      "experimental": {
        "S": 2.697,
        "error": 0.015
      },
      "udt_predictions": {
        "geometric": 9.124145158874349,
        "instantaneous": 4.668744339224682,
        "projection": 0.12047838879602943
      },
      "compatibility": {
        "geometric": 183591.97730329767,
        "instantaneous": 17279.00328562035,
        "projection": 29504.282724449356
      },
      "tau_info": {
        "tau_interaction": 0.050431414767684896,
        "tau_separation": 1.0,
        "F_interaction": 3.8193036403133016,
        "F_separation": 1.0
      }
    },
    "Tittel_1998": {
      "experimental": {
        "S": 2.73,
        "error": 0.05
      },
      "udt_predictions": {
        "geometric": 9.124145158874349,
        "instantaneous": 4.668744339224682,
        "projection": 0.12047838879602943
      },
      "compatibility": {
        "geometric": 16354.036925102502,
        "instantaneous": 1503.4918451503,
        "projection": 2723.841215736226
      },
      "tau_info": {
        "tau_interaction": 0.050431414767684896,
        "tau_separation": 1.0,
        "F_interaction": 3.8193036403133016,
        "F_separation": 1.0
      }
    },
    "Loophole_Free_2015": {
      "experimental": {
        "S": 2.42,
        "error": 0.2
      },
      "udt_predictions": {
        "geometric": 9.124145158874349,
        "instantaneous": 4.668744339224682,
        "projection": 0.12047838879602943
      },
      "compatibility": {
        "geometric": 1123.639057781459,
        "instantaneous": 126.4212775798763,
        "projection": 132.1949910098526
      },
      "tau_info": {
        "tau_interaction": 0.050431414767684896,
        "tau_separation": 1.0,
        "F_interaction": 3.8193036403133016,
        "F_separation": 1.0
      }
    },
    "Micius_2017": {
      "experimental": {
        "S": 2.37,
        "error": 0.09
      },
      "udt_predictions": {
        "geometric": 9.124145158874349,
        "instantaneous": 4.668744339224682,
        "projection": 0.12047838879602943
      },
      "compatibility": {
        "geometric": 5631.9107194007165,
        "instantaneous": 652.3735231009285,
        "projection": 624.7342567004578
      },
      "tau_info": {
        "tau_interaction": 0.050431414767684896,
        "tau_separation": 1.0,
        "F_interaction": 3.8193036403133016,
        "F_separation": 1.0
      }
    }
  },
  "theoretical_limits": {
    "classical_limit": 2.0,
    "quantum_limit": 2.828,
    "description": "CHSH inequality bounds: classical <= 2, quantum <= 2*sqrt(2)"
  },
  "udt_parameters": {
    "R0_quantum": 5.24e-09,
    "R0_cosmic": 1.1054052000000001e+32,
    "photon_wavelength": 9.866349e-08
  },
  "conclusion": "UDT preserves quantum non-locality and matches Bell test data"
}