{
  "R0_quantum": 1e-09,
  "separations_nm": [
    10.0,
    20.0,
    30.000000000000004,
    40.0,
    50.0,
    59.99999999999999,
    70.0,
    80.0,
    90.0,
    100.0
  ],
  "standard_forces_pN": [
    130155.40803936587,
    8134.713002460367,
    1606.856889374887,
    508.4195626537729,
    208.24865286298547,
    100.42855558593052,
    54.20883300265133,
    31.776222665860807,
    19.837739374998613,
    13.015540803936592
  ],
  "udt_forces_pN": [
    4685594.68941717,
    984300.2732977044,
    411355.3636799711,
    224213.0271303138,
    140776.08933537814,
    96511.84191807924,
    70254.64757143611,
    53415.83030131202,
    41976.65651749707,
    33853.42163103908
  ],
  "experimental_forces_pN": [
    128725.83382955243,
    8279.963416401299,
    1725.595100752838,
    495.24462676821474,
    199.83026768044306,
    97.90901882881744,
    56.689977029090585,
    32.298546088970554,
    19.312277132319778,
    13.349563464887526
  ],
  "experimental_errors_pN": [
    6507.770401968293,
    406.73565012301833,
    80.34284446874435,
    25.420978132688646,
    10.412432643149273,
    5.021427779296527,
    2.7104416501325668,
    1.5888111332930404,
    0.9918869687499305,
    0.6507770401968296
  ],
  "chi2_standard": 5.024109650961562,
  "chi2_udt": 6953605670.254675
}