{
  "R0_quantum": 1e-09,
  "transitions": [
    "H-alpha",
    "H-beta",
    "H-gamma",
    "H-delta",
    "H-epsilon"
  ],
  "standard_wavelengths_nm": [
    656.3354603463993,
    486.1744150714068,
    434.084299170899,
    410.20966271649957,
    397.04243897498225
  ],
  "udt_wavelengths_nm": [
    444.64159633249733,
    263.30936691475677,
    186.90389630609218,
    141.23731673202715,
    110.53212298515695
  ],
  "experimental_wavelengths_nm": [
    656.2929357368406,
    485.9994776602985,
    434.2605494648758,
    410.30641550020977,
    396.9960088007741
  ],
  "experimental_errors_nm": [
    0.1,
    0.1,
    0.1,
    0.1,
    0.1
  ],
  "chi2_standard": 7.4992468582977105,
  "chi2_udt": 31003222.654593382
}