{
  "R0_quantum": 1e-09,
  "barrier_widths_nm": [
    0.5,
    0.6666666666666667,
    0.8333333333333334,
    1.0,
    1.1666666666666667,
    1.3333333333333335,
    1.5000000000000002,
    1.6666666666666667,
    1.8333333333333337,
    2.0
  ],
  "standard_currents_nA": [
    0.005971854380857139,
    0.0010834584947861951,
    0.00019656914503596477,
    3.56630447461626e-05,
    6.470256358565821e-06,
    1.1738823099243677e-06,
    2.129745100020751e-07,
    3.863942878017016e-08,
    7.010254215132525e-09,
    1.271852760566796e-09
  ],
  "udt_currents_nA": [
    0.0016601086464902977,
    0.00011127980910726352,
    5.6123758092219434e-06,
    2.129745100020751e-07,
    6.0807762464340325e-09,
    1.3062939936277672e-10,
    2.1114137648794787e-12,
    2.5677709349302437e-14,
    2.349577207022374e-16,
    1.6176094445613793e-18
  ],
  "experimental_currents_nA": [
    0.006187674573854933,
    0.00125009837310913,
    0.00019586491564817793,
    4.124304041707203e-05,
    4.775214116809987e-06,
    1.2703639909612286e-06,
    2.148283906725893e-07,
    3.7484081457862835e-08,
    7.074580852181708e-09,
    1.0190632594816062e-09
  ],
  "experimental_errors_nA": [
    0.0005971854380857139,
    0.00010834584947861953,
    1.965691450359648e-05,
    3.5663044746162605e-06,
    6.470256358565821e-07,
    1.1738823099243676e-07,
    2.1297451000207513e-08,
    3.863942878017016e-09,
    7.010254215132526e-10,
    1.2718527605667962e-10
  ],
  "chi2_standard": 16.539977493444653,
  "chi2_udt": 927.3165328830233
}